Model,Accuracy,Precision,Recall,F1,ROC_AUC
LogisticRegression,0.75,0.6666666666666666,0.5714285714285714,0.6153846153846154,0.8791208791208791
KNNClassifier,0.75,0.75,0.42857142857142855,0.5454545454545454,0.8021978021978021
SVC,0.75,0.75,0.42857142857142855,0.5454545454545454,0.8681318681318682
DecisionTree,0.75,0.75,0.42857142857142855,0.5454545454545454,0.675824175824176
RandomForest,0.6,0.0,0.0,0.0,0.8791208791208791
GaussianNB,0.8,0.8,0.5714285714285714,0.6666666666666666,0.8351648351648352
GradientBoosting,0.75,1.0,0.2857142857142857,0.4444444444444444,0.8131868131868132
XGBoost,0.7,0.6,0.42857142857142855,0.5,0.8901098901098901
